{"cameraMode":{"drawMode":0,"name":"Shaded","section":"Shading Mode"},"sceneLighting":false,"audioPlay":false,"sceneViewState":{"m_AlwaysRefresh":false,"showFog":true,"showSkybox":false,"showFlares":true,"showImageEffects":true,"showParticleSystems":true,"showVisualEffectGraphs":true,"m_FxEnabled":false},"in2DMode":false,"pivot":{"x":-0.0008063316345214844,"y":0.6999994516372681,"z":-0.056231141090393069},"rotation":{"x":0.030770843848586084,"y":0.727925717830658,"z":-0.03324524685740471,"w":0.6842736601829529},"size":3.4265072345733644,"orthographic":false}